metric,,,curvature,curvature,curvature,second_order_coeff_x,second_order_coeff_x,second_order_coeff_x,second_order_coeff_y,second_order_coeff_y,second_order_coeff_y,second_order_coeff_z,second_order_coeff_z,second_order_coeff_z
summary,,,median,low,high,median,low,high,median,low,high,median,low,high
fish,date,condition,,,,,,,,,,,,
Fred,2020-09-23,floor,8.518469066826192,5.532540341495312,13.886612135889301,-0.0002276114888371688,-0.00047113221076730365,9.424791713046025e-05,0.00015812806324009716,-0.00010939329682051267,0.00036907653512935503,-0.00015049320377033613,-0.000522224462093432,0.00014536775716219593
Fred,2020-09-23,well,,,,,,,,,,,,
Fred,2020-09-25,floor,8.60670143728965,4.782351598804874,15.75503942645396,-0.00015213549948878534,-0.00034139204069223185,8.808447397966956e-05,4.402122610717294e-05,-0.0001935078348638772,0.00023806570791058544,-4.686214096430762e-05,-0.0003184801553363989,0.00016952030790277274
Fred,2020-09-25,well,,,,,,,,,,,,
Fred,2020-09-27,floor,9.808012373225335,5.36689171903316,18.80709101542481,-0.00018077360197189243,-0.00041097107236103475,0.0001542498296629482,7.493321923210016e-05,-0.0001645430551087106,0.0003013341387914157,1.6639814971666281e-07,-0.00024191270477724852,0.00018539500577900074
Fred,2020-09-27,well,,,,,,,,,,,,
Fred,2020-09-29,floor,11.111780836532482,5.758464760315212,22.46358391262877,-0.00014255625611267995,-0.0003612337325875327,0.0002665069004291979,-1.0591749530502327e-05,-0.00024541222417805305,0.0002447631597764467,-7.121924024310293e-05,-0.00038640884950254923,0.00015765436352573105
Fred,2020-09-29,well,,,,,,,,,,,,
Fred,2020-10-01,floor,7.40324972524609,3.7633363833611235,16.290806007652694,-1.6507238066234416e-05,-0.0004221959225893426,0.0002284185186057249,0.00012162880739705157,-9.452607823772534e-05,0.0003189024417352506,-0.0001367444558706226,-0.0004897847087586449,0.00011943910869723567
Fred,2020-10-01,well,,,,,,,,,,,,
Greg,2020-11-04,floor,13.613644969517832,6.154673869082908,28.95099228403511,-5.875951699170916e-05,-0.00036378987920061926,0.00014524209006392484,-5.9727100705888445e-05,-0.0003738757279457268,0.00019390398474891947,-3.588905554682192e-06,-0.00027312575894353295,0.00022999668615713596
Greg,2020-11-04,well,11.289269200048873,6.043412525697792,21.149545396396608,-8.214848722118309e-05,-0.00035074502451688783,0.000117830091601648,-6.957800131727066e-05,-0.0002869593338491618,0.00018018110740729366,-3.9521610362631154e-05,-0.00034245656828315864,0.0001581903147775874
Greg,2020-11-06,floor,11.122135543775574,5.940288895732507,21.136737045784347,-6.48389081185568e-05,-0.0003022026413578444,0.00022946795679637647,2.0395895672864185e-05,-0.0001777084336200304,0.00022038273403291532,8.541737423540895e-06,-0.0002809632766779382,0.00016291934024595045
Greg,2020-11-06,well,12.142605939664032,6.879300314679258,21.92249422287833,-8.789751349177418e-05,-0.0003367985630928582,0.00010839439604121,-7.308092332428545e-05,-0.00030638711056866385,0.0001743956362418173,-8.402962227490555e-05,-0.0003856469865378873,0.0001353332239251888
Greg,2020-11-08,floor,11.514228790219695,5.742688868090635,21.886593485692956,-0.00012892451882754398,-0.00032746442767378036,0.0001224920641182552,-8.823789177179839e-05,-0.0002630552447106261,0.00016405917469924344,7.319327915198005e-06,-0.00019070564840502327,0.00019718783750463138
Greg,2020-11-08,well,10.343449454251077,5.7986694539522565,17.498361150995414,-0.0002037277159433106,-0.00038329917933934495,4.9919663658655755e-05,-8.786074783590918e-05,-0.0002625836930217518,8.248164970682897e-05,4.724589415313658e-05,-0.00019413299066006583,0.00019831911448204564
Greg,2020-11-10,floor,11.358897502660673,6.282699140048226,22.482721660549608,-0.00020693980064992419,-0.0003919494614685426,6.465052576364735e-05,6.502036220182747e-06,-0.00015124907870540277,0.00021765373775910413,-2.9722630569432428e-05,-0.00020778480392071318,0.00012700568800998033
Greg,2020-11-10,well,10.697666830442552,6.384030093779405,19.181596996677143,-6.523160951901267e-05,-0.00029175774036162814,0.000174550319248596,-4.3783059524705996e-05,-0.0002575649726762545,0.00014970208839060184,1.6766356628855365e-05,-0.00018120146067961373,0.0002516870510635511
Greg,2020-11-12,floor,13.330583123466,6.983392193041299,23.892632461933594,-0.00017788281391558475,-0.0004613044400310827,7.757792645620486e-05,9.854978211513669e-05,-0.00011598551759403618,0.00026065743978103344,7.687354183269264e-05,-9.015184971474203e-05,0.0003108002126165088
Greg,2020-11-12,well,12.47973810821582,6.881172385262577,24.03655895479787,-9.395548052356438e-05,-0.0003215146807266175,0.00017164859534124364,-6.953529520811852e-05,-0.0002970210106404505,0.00011999511112418716,-2.2894672570717055e-06,-0.0002786431957385646,0.00022378121943829836
Greg,2020-11-14,floor,10.187438384227882,5.714511874912189,20.523769909787678,-0.00011378060497622531,-0.00027845709141025563,0.00012117608602765797,4.077650518032008e-05,-0.00011872413109397373,0.000220332668156848,2.4369233247025044e-05,-0.00014540559685786146,0.00016451227722520548
Greg,2020-11-14,well,11.359497507713197,6.208144380171557,20.395538760355606,-0.00012508814268988056,-0.0003284103340214207,0.0001117552683328424,-0.00012129404459742963,-0.00028514217379067743,6.7088435641426e-05,6.6198485218409655e-06,-0.00022687782885048115,0.00019684287764063754
Greg,2020-11-16,floor,10.97913649867937,5.648984097803062,21.56241263261323,-0.00011044537442467009,-0.0003502792847237557,9.526243609251338e-05,-0.00010272975956128038,-0.0002978139291755027,7.905867572695729e-05,9.221447828236468e-05,-0.00014388087933705801,0.0002936581119583603
Greg,2020-11-16,well,8.911168554809125,4.663921820023967,18.418656155034213,-0.00017448651066832415,-0.0004455433669909684,7.498636631214237e-05,-2.353008111045198e-05,-0.00029799975285598916,0.00019636635760651887,2.745137165818591e-05,-0.00023464659259460905,0.0003134539344139991
Greg,2020-11-18,floor,13.645997692357945,7.278551308665105,24.78052225572602,-6.242187415709952e-05,-0.0003914711397524356,0.0001374570867444384,-0.00019707226488608048,-0.000440799497705288,0.00010218661816348481,-3.3712315422589935e-05,-0.00028529145916785046,0.00019407125891879632
Greg,2020-11-18,well,12.490906526875445,7.491181827637497,20.791531649037495,-0.00018913663120391359,-0.00043028431930070693,9.578512760716338e-05,-0.00016536836864352477,-0.00033539325709254085,1.9966754317818523e-05,-0.00022796115907628274,-0.0005171422248915408,0.0001021153329199432
Greg,2020-11-20,floor,12.688274913075816,6.665528079492892,24.249395055636867,-0.000172733554805684,-0.0003715151473236137,9.727464091434452e-05,-0.00014096798303975987,-0.0003255859808348622,4.572281738144574e-05,3.126227136134557e-05,-0.00020241791385092244,0.000212464117531253
Greg,2020-11-20,well,10.204159094342222,6.012840048086748,18.66473431155191,-0.00017743595909832727,-0.00039410292161609633,8.935861470385514e-05,2.9573439656972263e-05,-0.0002690066817508625,0.0002154493839651389,-3.650256502059297e-05,-0.00028759087082272123,0.0001946437461340508
Greg,2020-11-22,floor,9.963461013171596,5.641786247501213,18.45783832124651,-0.00021280627850783798,-0.00041225264343725145,4.5750665356125414e-05,-7.873770211917447e-05,-0.00026488168256120603,9.965286210388032e-05,-6.420890741589758e-05,-0.0002959235303065951,0.00016318275199223763
Greg,2020-11-22,well,11.84324218110896,6.456957168320514,19.68085293715484,-0.0002537247029941992,-0.0005018131728164227,2.3350801426019313e-05,-0.00012296120255216226,-0.00029954150314876485,5.860706349734957e-05,-4.343435967080722e-05,-0.0003341077225959973,0.00016624913137223453
Igor,2020-11-04,floor,16.5355375889892,10.61003033583825,24.588026973101826,-0.0003428499928361563,-0.0006286573656708689,0.0001411040347816487,-4.64716746297312e-05,-0.00025592444410830215,0.0001476881519095964,6.822777709081446e-05,-0.0001526846808159675,0.0002928574719379251
Igor,2020-11-04,well,12.076068695212959,7.4533956882814385,19.773991795559265,-0.00019653063107004018,-0.0004235726485925734,0.0001838092167121828,-1.4937781842234532e-05,-0.0002268021644638341,0.00016881422270197756,0.0001182794106101745,-0.00013930326198977419,0.00039825177721648455
Igor,2020-11-06,floor,18.27247365380768,10.773734738285633,30.006606281208725,-0.00023650990569983423,-0.0004936135150512905,0.0002741367269471444,-0.0001995184232986435,-0.0004086704169237386,3.8604144181588975e-05,2.682732291054041e-05,-0.0002322730054954286,0.00029311432286031273
Igor,2020-11-06,well,14.342182337183623,9.002897792293618,21.89047401202368,-0.0002963493652922777,-0.0005334578985336926,0.00012187189336441266,-0.00011762563231269585,-0.0003131411833809884,0.00014209158847744788,6.675713319901063e-05,-0.00024645179929171914,0.0002844411047421175
Igor,2020-11-08,floor,17.634317775222296,10.462020108204609,27.928973873179118,-0.00035458281616690965,-0.000668997643380777,9.157542480858226e-05,-0.00016882695467685237,-0.0003606980632192929,5.892861099004956e-05,3.834053123214774e-05,-0.00020570555050494343,0.0002615811975127199
Igor,2020-11-08,well,12.953836261207861,8.421664589935109,20.038675052490007,-0.00019710903397650545,-0.0004176052469914108,0.00019226355570062758,-0.00013098170459186607,-0.0003296289068709261,0.00014250593529184668,3.0082150548754874e-05,-0.00025142023191710507,0.0002975999066792193
Igor,2020-11-10,floor,19.534399361860228,11.36358731671305,31.535344496180468,-0.0004136051618318184,-0.0008187478327332342,0.000167520633963866,-0.00022619494918841923,-0.0004839761824060387,3.1318189045655094e-05,5.5923674176186434e-05,-0.0001975726438852742,0.0002821521286926101
Igor,2020-11-10,well,15.54973117480369,10.238080466176667,23.131023959755264,-0.0003625792621330697,-0.0006554223220045622,0.00018892990238087709,-0.00015391743684997752,-0.0003651625999634543,6.03205889489831e-05,0.00012080177003590548,-0.00013985857121779803,0.0003627530567221151
Igor,2020-11-12,floor,19.56814692406932,12.163367888282428,29.87258746268489,-0.0003813516113927134,-0.0006652561858819923,1.8837603081807652e-06,-0.00017440319878575235,-0.00037907324798495246,5.3872625099514755e-05,0.00016432949837539093,-7.416745149509355e-05,0.00041980310978810385
Igor,2020-11-12,well,14.402657057150439,8.981652604390021,23.3861485285234,-0.00024558820495648075,-0.0004915815655370561,0.00011450041995951686,-8.829990069463573e-05,-0.0003248933944669833,0.0001342957706395888,8.014654160498595e-05,-0.00017435849773921614,0.00037788817893116237
Igor,2020-11-14,floor,14.008190095774506,8.94764511536103,21.184192289699133,-0.00045342883830487774,-0.0007069712315217066,-0.0002672138745035418,-0.0001373511371354151,-0.0003431084291711045,2.93544315025707e-05,0.00014178397719503134,-6.623386871304138e-05,0.0004633836311292598
Igor,2020-11-14,well,9.951227609329276,6.583020538320435,15.133427380572122,-0.00029980238247634487,-0.0005344964633991194,-8.769492136697583e-05,-4.3563854035567834e-05,-0.00021666490565641654,0.00010805469739131541,9.071027156173487e-05,-0.00011321397738659535,0.00027027440290039526
Igor,2020-11-16,floor,,,,,,,,,,,,
Igor,2020-11-16,well,12.56521752967228,7.952580289506857,19.700901348592286,-0.0002935901403589632,-0.0005991109373583673,3.631296241710765e-05,-0.0001538345274384671,-0.0003167052926670974,-2.7876480428427323e-06,6.399003011527375e-05,-0.00016072937086211692,0.00030875037928530065
Igor,2020-11-18,floor,8.029835470182292,4.912488096620438,14.018552074489484,-0.0002919852111425397,-0.0005111729702843904,-0.00016369605723271066,2.7843620703309535e-05,-0.0001219794133110063,0.0001550951936447622,2.751538474412852e-05,-0.00015663490719322842,0.00021112372531870052
Igor,2020-11-18,well,10.770428746821292,6.921899492634883,17.055938784340384,-0.00029988557748177004,-0.0006226862137410521,3.6557347859737105e-05,-6.69121275806193e-05,-0.00022508256532407486,0.00012932380975124529,2.824692575404164e-05,-0.0001792600159757972,0.0002225705013696061
Igor,2020-11-20,floor,13.583309928568308,7.6111034571334155,22.431597577472942,-0.0002404171335915869,-0.0005539343730424812,0.00014255507469406673,-0.00015880351046076698,-0.00035401942261712295,2.986419571176878e-05,8.875347745168941e-05,-0.0001648245271664961,0.0003682771281081661
Igor,2020-11-20,well,10.971853986274791,7.40703475595299,16.68447540677245,-0.00033821271849587223,-0.0006161958860765067,-7.940807423243066e-05,-9.87866231570582e-05,-0.0002560503325687842,0.00010763924127160391,8.687540922684838e-05,-0.00011793107259661426,0.0003024208931760072
Igor,2020-11-22,floor,,,,,,,,,,,,
Igor,2020-11-22,well,10.525513697321712,6.848583184644008,16.7977987336672,-0.00021022338318076354,-0.0004651768033447621,0.00010746362079457608,-8.188727471454259e-05,-0.00021781329998010114,0.00010983209435284555,8.344604161394551e-05,-0.00014568325029622512,0.000272189517105135
Joao,2020-11-04,floor,18.579474732230175,11.23021151472843,28.2306597239221,-0.0003899508043324133,-0.0008149783186579889,0.0002743108008038533,-0.00019405630552124523,-0.0005052645037424542,3.40260952914197e-05,-1.508035987790766e-05,-0.00034267921796734836,0.0002851237918440651
Joao,2020-11-04,well,15.808934083191719,10.843570805620107,23.767729177531145,-0.0004548857531231248,-0.0007356397671461063,5.5643424453897284e-05,-0.00011709622980238227,-0.00035407272338749816,0.00014045020014643854,-0.00010210475819274109,-0.00044254093954520444,0.0001757614884627795
Joao,2020-11-06,floor,18.43216746812609,11.266897111232355,27.94606968307355,-0.00030613387505734385,-0.0006989694029943794,0.0003837949499858397,-0.00012943299619983802,-0.00034910054051717684,6.64497523277471e-05,4.261404569128734e-05,-0.0002579134319113188,0.00035715137119718697
Joao,2020-11-06,well,16.63881680269722,10.565904778872248,25.50253534832064,-0.0003939801828255357,-0.0007086750940091945,0.00017136064106029676,-0.00023336938074994628,-0.00048356408408154134,5.535130340851872e-05,-0.0001749399098149126,-0.0006351894668957641,0.0002242818818240489
Joao,2020-11-08,floor,18.797852872321307,11.212219780771402,29.216027554634294,-0.0002589055916363247,-0.0006641492539001079,0.0003459662452129011,-0.0001804650342601907,-0.00043415237884868044,3.287308673164232e-05,4.8470725961989865e-05,-0.00027687329179863405,0.00037372280320441514
Joao,2020-11-08,well,16.308313823137745,10.165416060474874,24.66408965479175,-0.0004679330746376867,-0.0007953927480201317,-5.28434335142944e-05,-0.00021851035656959085,-0.0004386673386292851,6.419610254438782e-05,-0.00020541389983832383,-0.0005972216682582324,9.085202607247433e-05
Joao,2020-11-10,floor,19.53378854746374,12.037320995218531,29.98638604542613,-0.0002642770325080386,-0.0007000384100182275,0.00043664579794451444,-0.00022050574527662472,-0.0004890003420131063,6.720702423116341e-06,5.07020297547919e-05,-0.0003374280197867359,0.00040474903343460354
Joao,2020-11-10,well,18.07319576973389,11.40874046931796,27.50658497838365,-0.0002840205439498915,-0.0006608890489286033,0.0003128527175736762,-0.0002784850314020179,-0.0005080233130263189,-6.627149889081896e-05,-0.0001804498433178579,-0.0006912640312876471,0.00021458748659861567
Joao,2020-11-12,floor,22.878064544972478,15.047996583862405,34.430740547110084,-0.00019681055747241573,-0.0007639184856981975,0.00048431698838787853,-0.0003555818357820091,-0.000613727407010014,-0.00012388077428596367,1.4975898730171626e-05,-0.00035161639192452063,0.0004061906617417153
Joao,2020-11-12,well,19.906475520971217,12.78383461248775,31.158597524939157,-0.0003757250430104487,-0.000792611791649834,0.00035564685247239193,-0.0002796634297791376,-0.0005234584068151648,-5.933237323478175e-05,-0.00011965852087282157,-0.0005655701728466604,0.000250397651349401
Joao,2020-11-14,floor,10.915535458492839,6.016103989944342,17.868059741297518,-6.492504105170031e-05,-0.00029991646474637344,0.00025587931800563407,-0.0001701680217931045,-0.00039450503532337337,5.438745156468098e-06,-0.00021240030604076108,-0.000434104976637952,0.00017466328345558954
Joao,2020-11-14,well,8.370472557926679,5.4120151633937015,13.403866944032378,-3.01545913478883e-05,-0.0002655315615006868,0.00031064460530200064,-5.616744698636806e-05,-0.0002359663897942392,0.00012181030617968321,-0.00014707180065045764,-0.00040548882366388137,0.00018795870682617615
Joao,2020-11-16,floor,8.795811793286173,5.6364896674314995,14.780544422757357,-0.00014326557146368562,-0.00034089631327173823,0.00016713648126064315,-7.168807519759865e-05,-0.00024867860433985925,0.00010354392149157817,-0.00025557726608964944,-0.0004258524582672467,1.9807065456491815e-05
Joao,2020-11-16,well,9.413995636652478,6.493332568618621,14.028404352530313,-1.913507780795682e-05,-0.00029393532673888416,0.0003720535184906415,-7.177164365536353e-05,-0.00023452822273581294,9.029795839325341e-05,-0.0001856901636401301,-0.0004314812338818421,0.00020126672931190904
Joao,2020-11-18,floor,10.791519252157121,6.43329711451854,18.131971348058304,-0.00022090051269454405,-0.000429419269326738,1.86310899138024e-05,-0.00016209619839361325,-0.0003672583083187582,1.7334633812771906e-05,-0.00034354912619900146,-0.0005585270226815944,-0.0001405742178475152
Joao,2020-11-18,well,8.024784441055317,5.4360561148112865,12.84877921298263,-0.00015195134677711708,-0.00031937338232406604,7.955785519559336e-05,1.803226895004711e-05,-0.00014924856498472756,0.00016977934208047454,-0.00029225187429432817,-0.000463995069760791,-3.984860449553663e-05
Joao,2020-11-20,floor,12.23154641237886,7.177334551148924,18.88007961926618,-0.00015414425615610367,-0.000357940537790014,0.000205344319104992,-0.00014234673999170377,-0.00029633001159995887,-2.699762617061371e-06,-0.00027326065197681097,-0.0004969547581316447,1.916800143912066e-05
Joao,2020-11-20,well,11.91081488853677,7.559479547010707,17.891973272544764,-0.00013400123453582942,-0.00036623454539032216,0.0002754425795015949,-0.00014175532748947643,-0.00030783110797986133,4.2860810904233464e-05,-0.000324980576529368,-0.0005887259637397868,2.071432769360142e-05
Joao,2020-11-22,floor,9.204597789592746,5.679672914679217,15.80798447889847,-0.0002458452087403624,-0.0004112658976049062,-4.42927468681464e-05,-5.893579391687067e-05,-0.00022192122247957099,9.170541397983105e-05,-0.00023827713495877637,-0.00045706505327390524,-3.9631829101497154e-05
Joao,2020-11-22,well,10.815640368987726,6.925522086349012,16.576904450436487,-8.364799956447674e-05,-0.0003240312965920728,0.0003914536603041249,-8.131297759094667e-05,-0.00026004957347121923,8.713111101699429e-05,-0.00025754860139321693,-0.0005535248278803886,8.845130985424502e-05
Kyle,2020-11-21,floor,13.245314398590875,7.617166658914459,25.457726188871845,-0.0002757294455813938,-0.000590549152230415,3.194560180964392e-05,-4.631952746110521e-05,-0.0002938750378465605,0.00019514445180878495,-4.0826398302209064e-05,-0.00022631942595112368,0.00018481245955588344
Kyle,2020-11-21,well,16.262056225907898,9.257853361632083,26.55761607152809,-0.00016135489630565334,-0.0005351394380492384,0.00022585856141369112,-0.00022112596366001845,-0.00046595117654266047,3.5266642634817205e-05,-9.767509741675733e-05,-0.0005052400315753603,0.0002341524907082742
Kyle,2020-11-23,floor,16.200752175376586,9.43173024618918,27.793166548000872,-0.0004446001728556744,-0.000754783479151228,-8.872451050805346e-05,-0.00014824186417465137,-0.0003701416586647145,0.00012737096764003727,-9.64690967982539e-06,-0.00028013664459833814,0.0002638202174225118
Kyle,2020-11-23,well,15.641674109436135,9.225724634288127,26.10711393315632,-0.0002986072227193998,-0.0005980761609638607,1.2415295107054355e-05,-0.0001632239764464598,-0.0003946776871372115,9.520991078603816e-05,-0.00010421686005965043,-0.00040758000028388766,0.00013824657378285187
Kyle,2020-11-25,floor,12.468229827655641,7.131945792946288,22.22546927893703,-0.00024513846878249557,-0.0005316016862316749,0.0001633776742609353,-2.038629507212087e-05,-0.0002833858573597418,0.0002989360160642124,-2.3764059819447665e-05,-0.00027168884236398197,0.00022177266894676402
Kyle,2020-11-25,well,14.340493766373013,8.6889090737103,23.10682608070524,-0.0002834427641924656,-0.0005128771532119894,5.3102615866732375e-05,-0.0002281175970782188,-0.0004445234850677612,7.821138245102057e-05,-0.00016122868449356217,-0.0006546131644536764,0.00011373399643560788
Kyle,2020-11-28,floor,14.757096029994527,8.637552918530695,23.82460517299008,-0.0003779066966756777,-0.0006587315005281167,-9.738018799013612e-05,-0.00015820175885956637,-0.0003775434423132088,0.00012856505663570874,-4.415875726944283e-05,-0.0002541974483658956,0.0001438717831480956
Kyle,2020-11-28,well,16.00741596603697,9.053419482767934,26.371231860257843,-0.0002606825362388202,-0.0006556610866472281,0.00014035557582851182,-0.00020330876176092682,-0.00045564723471674983,5.884799280659827e-05,-0.00012998259462439703,-0.0005142749648103246,0.00013675263445364023
Kyle,2020-12-01,floor,16.59886964104729,10.346610908722695,24.19724076040119,-0.00031751923475925966,-0.0006456711981400061,0.00013891324243138855,-0.0001783882836978374,-0.00040357145860400886,8.830490959606596e-05,-5.9750681545318136e-05,-0.00028983907473921147,0.00017605236952161432
Kyle,2020-12-01,well,14.208319340341236,9.362780560373027,21.69580335533057,-0.0003518314372438096,-0.000628155433482669,-5.406821755369736e-05,-0.00022461004162987062,-0.00041384369208393357,5.165281509216738e-05,-0.00013847455837215917,-0.00042783709151140276,0.0001421024793805754
Kyle,2020-12-03,floor,,,,,,,,,,,,
Kyle,2020-12-03,well,12.048304923755724,7.810685953243533,18.872203498581136,-0.0004081195676030754,-0.0005902276402703105,-0.00017978054805153725,-0.00012937835702695204,-0.0002672307261991048,7.341411718618553e-05,5.803163188549222e-05,-0.00010601609798525883,0.00029901110593322775
Kyle,2020-12-05,floor,11.795302485546149,7.758830208830554,17.357717677100663,-0.00039340691369444287,-0.0005442294507194041,-0.00021916626629736602,5.812948891959444e-06,-0.00017050371042584528,0.00019269768489630485,4.2514244861964506e-05,-0.00011817164340600559,0.00021011112900808324
Kyle,2020-12-05,well,10.699373778442677,7.364809176183721,16.67793315385652,-0.00031070291856082435,-0.0004700292491110295,-7.320364408016028e-05,-7.275220536551969e-05,-0.00026744991124748546,0.0001586197757265757,8.103208202939069e-05,-8.258136430494645e-05,0.00032765560337005384
Kyle,2020-12-07,floor,13.986933965001445,8.000363449793795,24.307547619666074,-0.00036995857352815356,-0.0006316329277603622,-8.936887989036658e-05,-0.00011788364821891489,-0.00033375145348441476,9.532278064396698e-05,7.52859663261322e-05,-0.0001240250834127527,0.00026779515214481474
Kyle,2020-12-07,well,,,,,,,,,,,,
Kyle,2020-12-09,floor,12.671425946917205,7.386302476151471,21.94346136389977,-0.00026363789369961046,-0.0005076824662825369,-5.2871092424028e-06,-3.456256675849745e-05,-0.000229699912614846,0.00015905448312151198,0.0001290114015744536,-0.00013902445434985105,0.0003430090905358063
Kyle,2020-12-09,well,9.5687647784378,6.5547339764952035,14.416321202707566,-0.0003675176025927198,-0.0005019087887508977,-0.00023496888553348002,-0.00013652401148082222,-0.00029346368578025744,6.427396088499992e-05,0.00011628501043357856,-5.96528551049656e-05,0.0002924310283453984
Kyle,2020-12-11,floor,13.396770201094187,7.889412035775625,22.930764876163668,-0.00030623669625592584,-0.0005540441407570337,-8.500544667569214e-05,-5.5884852208011525e-05,-0.00023770353372504346,0.00012542252813213674,8.405696174598599e-05,-0.00013953512738999212,0.0002700307778682509
Kyle,2020-12-11,well,,,,,,,,,,,,
Lazy,2020-11-21,floor,11.531588763144063,6.27127153377867,19.722098415191287,-0.00011140549530924373,-0.0003366752213328913,0.00014594861096511055,-0.00013683083860298762,-0.0003572968853368344,3.792605894553137e-05,0.00011515060819248972,-6.206087886873328e-05,0.0003170963329209182
Lazy,2020-11-21,well,12.77800243305012,6.81037059662494,22.93155764186321,-2.30766781767226e-05,-0.00032170866291894704,0.00025769645762111285,-0.00016905360010670856,-0.0004199137919004024,7.344587975757109e-06,2.2538914612689377e-05,-0.0003365881015996462,0.00027228532065906347
Lazy,2020-11-23,floor,9.236390279668898,4.776516493215001,18.210533389226157,-9.86535126702559e-05,-0.000327550263642052,0.00014270830430749952,-8.995478254962609e-05,-0.0003041504311431895,0.00013111054352088068,1.564982977436966e-05,-0.00017380621060327243,0.00017713315879383268
Lazy,2020-11-23,well,13.795820805521592,7.073123030027227,24.71204733070619,-9.833795201563022e-05,-0.00037346367663129346,0.0001800406278094128,-0.00015648281576027392,-0.0003681911421305618,1.9813762706367645e-05,-5.591812435207583e-05,-0.00037973927398698087,0.00016449939962730529
Lazy,2020-11-25,floor,9.141129624410771,5.220559612324147,16.242254547166866,-9.134024457498405e-05,-0.00029392260505636055,0.00010997717264200836,-8.62264508108364e-05,-0.00023166671691972758,7.838872029951305e-05,8.548360886274651e-05,-9.110548094026284e-05,0.00025086871415421126
Lazy,2020-11-25,well,9.9838822432697,5.878122425558192,17.12635418163468,-0.000123904959564444,-0.00033455994880320284,9.51411780917523e-05,-0.0001446662226438245,-0.00033339435936201794,4.2957767957423045e-05,3.741654307757662e-05,-0.0001901698072818212,0.00022747339456032447
Lazy,2020-11-28,floor,10.205237502845058,5.306057891921743,18.780877611396484,-0.00019468211310699437,-0.0004817527961650443,1.0777095218502203e-05,-5.295831629209904e-05,-0.000226586213897322,0.00015327195257495822,-6.156545797601288e-06,-0.00021183947968336458,0.00017749868446810085
Lazy,2020-11-28,well,12.983396671540005,6.950040326886121,21.769206942177235,-0.00016752259474233866,-0.0004709619688585908,5.34797784236645e-05,-0.00013304369757291857,-0.0003062810302261201,5.726743296211133e-05,-1.8695817274248677e-05,-0.0002626482300576409,0.00020197165890709987
Lazy,2020-12-01,floor,10.099302970360439,5.580730803150966,19.459921968462496,-0.00012997875894390506,-0.00043479357525740144,2.5464561988623612e-05,-3.953751978536603e-05,-0.0002338144599141863,0.00014513989456963277,6.345099485955589e-05,-8.441574519995503e-05,0.00019685836413470647
Lazy,2020-12-01,well,9.708283810486646,5.7688940337530505,16.34617236559752,-0.0001691432022254523,-0.0004211350160029812,9.06579209449903e-06,-0.00013031003181890785,-0.0002619048244120043,1.4131217844851134e-05,4.7364481458736746e-05,-0.00019609960661201475,0.0002401652792244236
Lazy,2020-12-03,floor,,,,,,,,,,,,
Lazy,2020-12-03,well,8.641192869115198,4.132507516387276,17.21030458428446,-0.0001321561565837848,-0.0003671252282192394,7.290463539146723e-06,-1.6118283827585008e-05,-0.0001879783546295744,0.00010973610906249029,5.590631783965134e-05,-0.00011777747720070558,0.00023308637235201762
Lazy,2020-12-05,floor,8.14439616785547,4.438335920003894,15.625226398359924,-0.00026927300615395126,-0.00045565028176682265,-0.00013810075329750084,-8.790186259828247e-05,-0.0002240075184463273,4.0248606457434386e-05,5.0699021463654845e-05,-0.00016715041695794427,0.00023542668949839832
Lazy,2020-12-05,well,8.2723968184093,3.808375707520357,14.915565139001721,-0.00019536730603627954,-0.00039594403697029083,-5.699935193807132e-05,-4.373550688680922e-05,-0.0002361420485325248,0.00011531145074644776,9.340743985270012e-05,-0.0001436884580899606,0.0003208645082150079
Lazy,2020-12-07,floor,7.468905799078346,3.99538505900518,14.219996384835405,-0.00023418188711540056,-0.00048324497674457934,-0.00011833594570457393,-5.6511062349656255e-05,-0.00022189969941728452,4.892749435614357e-05,5.34682468642022e-05,-0.00015683852950355325,0.0002332133689249781
Lazy,2020-12-07,well,,,,,,,,,,,,
Lazy,2020-12-09,floor,6.762374153587004,3.403037860823443,14.53219209144151,-7.142715620084733e-05,-0.0001754593459598696,1.4418786862601996e-05,-7.41028145873489e-05,-0.00020825929261038706,1.8578411193982747e-05,7.521436322696005e-05,-5.505900576287651e-05,0.00020089364297251453
Lazy,2020-12-09,well,,,,,,,,,,,,
Lazy,2020-12-11,floor,5.349509561569093,2.841193714849112,11.287524605926878,-5.897671025288236e-05,-0.00021235766588823435,1.115878286422179e-05,-5.775111579304546e-05,-0.00017082170333481425,4.275860531685271e-05,6.859992108620457e-05,-0.00010106568057425668,0.00022115581501370513
Lazy,2020-12-11,well,,,,,,,,,,,,
Mark,2020-12-01,floor,13.152001553150484,7.680567347150789,22.372604143313755,-0.00019365543353760487,-0.000498498014340664,0.00014028191837824194,-8.432964146896002e-05,-0.0002767095729779943,0.00010430495197591467,7.737341314165411e-05,-9.21265600383993e-05,0.0002919937171492807
Mark,2020-12-01,well,12.564119360673617,7.688379597298512,19.80297703359311,-0.00017479601506993194,-0.0004262810618083864,0.00016505555423530622,-8.824012231241681e-05,-0.0002458195806511086,7.73880463171156e-05,7.244938641503335e-05,-0.00018933605991910477,0.000269704078926995
Mark,2020-12-03,floor,17.90277002061587,9.181480489693424,28.67587460604826,-0.00031241978244601735,-0.0007010358893647491,0.0001540565775148946,-8.63949508973402e-05,-0.0003293340041759891,0.00014539383451541316,4.578718379749371e-05,-9.662385792688525e-05,0.00018159906726863587
Mark,2020-12-03,well,11.255669203902233,7.163486184979174,18.610706994137423,-0.00019448728153104698,-0.00042667184548495505,0.0001211623806110051,-7.915134618983587e-05,-0.00023874534706903473,0.00011060578871042461,-1.9617533398873253e-05,-0.00019308351886567718,0.0001878465295579368
Mark,2020-12-05,floor,20.84845925211793,13.93842649665572,28.697469674659043,-0.00047734741129481514,-0.0008083869642014349,9.862275998168012e-05,-0.0001485285743153446,-0.0003688185727256312,8.11118610266172e-06,9.071614364732639e-05,-8.877737705334426e-05,0.00023359595543784222
Mark,2020-12-05,well,14.165869216989346,9.355581316445488,22.14620018537582,-0.00032265361553924577,-0.0005717493545053507,6.371040888470844e-05,-0.0001895897227763102,-0.0003740385428734647,4.966448337096322e-06,8.93629141885249e-05,-0.00013851634807977568,0.000274081879470162
Mark,2020-12-07,floor,15.319673805578237,9.274813426556436,25.611207194397807,-0.0002957986916263274,-0.0006059092803622173,-8.983745507167072e-06,-8.22185426213845e-05,-0.00027333861151780073,0.00012339420802786927,7.938798637700303e-05,-0.00013065525995680985,0.0002714868988859771
Mark,2020-12-07,well,12.452976335312878,8.077473526952726,19.430987404556507,-0.00031037918480373737,-0.0005692518152032298,-2.2838785859421368e-05,-0.0001057403205694973,-0.00030271509815198497,0.00015612858562884772,-2.0165203653596754e-05,-0.0002803939291503914,0.00018322255251896025
Mark,2020-12-09,floor,15.619458496098227,8.1761399975063,25.673452643877596,-0.0005334356831390663,-0.0009223333013280354,-0.00021083040482943897,-0.00011045280664332099,-0.0002935530003672185,0.00011041833863544175,7.758771421187616e-05,-0.00012372972593197945,0.0003544773883754997
Mark,2020-12-09,well,11.82925937781835,7.535992237099348,18.513418718177284,-0.00037571265483323207,-0.0006083746239845425,-0.00012893588387900127,-9.567225770613302e-05,-0.0002478960982374853,9.645384499048248e-05,0.0001306128986919762,-0.00010129185888644401,0.00033027816214174636
Mark,2020-12-11,floor,,,,,,,,,,,,
Mark,2020-12-11,well,8.703734507119924,4.703286028243022,20.2375465434582,-0.00010803698560963673,-0.00029015005986676674,6.528535178852551e-05,-1.5507885904135565e-05,-0.0002044931320955579,0.0001868341773555883,4.955177336444773e-05,-0.0001420961406703596,0.00026982929019416695
Mark,2020-12-13,floor,6.774142687782517,3.4939821514323364,13.310080956389518,6.9545602805075805e-06,-7.965464736360737e-05,0.00013293229470967186,-5.927137432058546e-06,-0.0002519289911090444,0.00010696664160098887,-5.764375296331361e-05,-0.0002199820064701701,7.670417253638023e-05
Mark,2020-12-13,well,7.852637657264758,4.099126940274492,13.689761774709044,-7.11830339528995e-05,-0.0002597825546601566,8.095694569137456e-05,-8.839316600374373e-05,-0.0002711896629501401,7.802696244379994e-05,-6.663936589561717e-05,-0.000276950365443121,9.362516531557845e-05
Mark,2020-12-15,floor,7.62228373683905,3.9811671918746083,15.412122944650122,-8.079763431855358e-05,-0.00020274229411682508,4.5627119169454404e-05,-0.00010697757002351098,-0.00023467703868128423,4.0783715072788924e-05,-1.8302663127145828e-05,-0.00019859463962399647,0.00012551526178513432
Mark,2020-12-15,well,7.202792460291224,4.1509206091055,13.075140407917337,-5.286191563507019e-05,-0.0002306679299177149,5.596377654891895e-05,-0.00010402413901933099,-0.00024479015248473127,4.0300244824214846e-05,-5.839904651549721e-05,-0.0002657955778764189,0.00011550893522518349
Mark,2020-12-16,floor,10.366998647210341,5.028285976038912,20.264718673943314,-7.324422070487016e-05,-0.00026033673577069487,0.00013815247333804687,-0.00011080373428582967,-0.00027425240605321856,4.4542448835329886e-05,-4.739797822006611e-06,-0.0002242337185885469,0.00016385829633268155
Mark,2020-12-16,well,8.09671827872149,4.402921105158439,14.895365360539264,-5.428510254330519e-05,-0.00021199988962484687,8.805194708497587e-05,-0.00013137970582070564,-0.0002896500208621952,2.4754269697077503e-05,-6.134011025604331e-05,-0.00029033121222912003,0.0001242751071063342
Mark,2020-12-18,floor,5.3979727161207,2.882166432527101,12.048172678718114,-4.690633398991428e-05,-0.00013878500309735453,3.5760359828040854e-05,-6.121005311908086e-05,-0.00018032841025260971,3.7019841583388636e-05,4.41456391826605e-05,-8.020733081625315e-05,0.00015348610947129866
Mark,2020-12-18,well,6.184292411134411,3.4217518361923953,12.259929574085517,-9.964742924930177e-05,-0.0002461145895146301,2.178781221470209e-06,-9.980912913773874e-05,-0.0002522242701989696,2.6958522294096303e-05,7.285851075323133e-06,-0.0001705782247923035,0.00015155654656705684
Neil,2020-12-12,floor,14.373669369479499,8.766734738160295,25.67659826938779,-0.0002855945559174234,-0.0005162832220363431,5.372659794959981e-05,-2.20368731419644e-05,-0.00020922727606720063,0.0002426436341357962,3.6527187231100046e-06,-0.0002419325325286587,0.00022063498407066007
Neil,2020-12-12,well,16.779501839294383,9.944164846648356,27.19327413499751,-0.00016933919238199275,-0.0004482359530657212,0.0003179823442001229,-0.00021415919820488605,-0.0003989675644766425,7.477448585505862e-06,-5.503847140820165e-05,-0.0004364105498052429,0.00028666914894907386
Neil,2020-12-14,floor,13.014250161387857,7.006568278004953,22.20004142312804,-0.0002183905227940827,-0.00044764597311863747,0.0001136338243990945,-4.520050529127825e-06,-0.0001446431640978444,0.0002641078154940759,6.519853302949697e-05,-0.00013917709474143048,0.00024032692754182431
Neil,2020-12-14,well,15.707063533319273,9.265896634789476,26.94089548347562,-0.0001525639797084608,-0.0004976880642788224,0.00027524163408602,-0.00017756235676772423,-0.0004072325673816883,3.477569703564414e-05,-0.00016245887651820116,-0.0006152621386744724,0.00010178294450596555
Neil,2020-12-16,floor,14.639205147366566,7.770830036058333,27.1091228441229,-0.000299529504373956,-0.0006556280983359586,-1.2524530995225895e-05,-9.245387888986753e-05,-0.0003000333466777206,0.00016387566363852048,-9.826483269704938e-06,-0.0002051186192563864,0.0001950507899074433
Neil,2020-12-16,well,13.408102996346281,8.084861441860603,22.507643316435264,-0.00027888991577154794,-0.0005618654624861205,-4.642930433465484e-05,-0.00012915865695499852,-0.00037020136067217617,0.00010726468291648682,-1.8379910540990413e-05,-0.00038307037675816547,0.00021094055010187267
Neil,2020-12-18,floor,11.979060958386864,6.5360779647328275,22.277505174191013,-0.0002853746093055793,-0.0005860212051099075,9.822227608758832e-05,-6.563523797794706e-05,-0.0002119699074364367,0.00010543149467685746,-4.106840800956508e-05,-0.00024830479836613197,0.0001774042236540842
Neil,2020-12-18,well,14.156803725181987,8.52486693690119,22.87482971638168,-0.0002711847626253663,-0.0005650217248084933,0.00019375638186163227,-0.00018264777731808723,-0.0003180638703503734,1.4608575332009437e-05,-4.262417686814066e-05,-0.00036757774688023074,0.00026168455310051795
Neil,2020-12-19,floor,14.616478602605905,7.871040829542253,25.384137891022874,-0.0002671697700318603,-0.0006125557602209952,0.00017390378977984625,-0.00010510964086668577,-0.00032030198203703486,0.00012715043784122554,-5.337706422967879e-06,-0.00021708961781718585,0.00022838759449304977
Neil,2020-12-19,well,14.753427699130434,8.179483463836288,23.362401595451235,-0.00033893263920421827,-0.0006730299138128446,4.908891675257121e-05,-0.00024182747205028364,-0.0004522287031662206,2.913435898903399e-05,-0.00011394242424789655,-0.0005454275549551992,0.0002115398851807802
Neil,2020-12-23,floor,8.154634041651445,4.498917157714071,15.841017219686545,-0.00023030558682784889,-0.00044350262379776374,3.2596457424211516e-05,1.2028377515793509e-05,-0.000193304901843024,0.00024924319405730285,5.31630791864411e-05,-0.00017105827253995697,0.0002009445730683475
Neil,2020-12-23,well,7.699641412141703,4.68827339594597,13.529283486732837,-0.00020685616340762353,-0.0003870203394086219,3.2386841606379555e-05,7.732589128896356e-05,-0.0001677302223015474,0.00036254618184439376,-2.0980002232408627e-05,-0.00020155169336557433,0.00015549169358955673
Neil,2020-12-24,floor,7.4381904742869525,3.425253396651751,15.809858396727847,-0.00021166159116340388,-0.0004066973803190317,-7.890863401168554e-06,-7.363656571792496e-05,-0.00029381111219886256,0.0001756205268019833,-6.603674648457953e-08,-0.0002237389377074781,0.00017974152755264916
Neil,2020-12-24,well,9.592605737493631,5.225035093434165,16.607070705621584,-0.00021471038349829482,-0.00048814423979212114,0.00012392343265358227,-0.00010794179137279487,-0.00032987561245482187,0.0001879059004016824,-9.343935899812933e-05,-0.0003728864563714535,0.00013461860849720282
Neil,2020-12-26,floor,8.370982528396347,4.951873994731523,15.734242938405574,-0.00020774274609065255,-0.00036611489601715957,8.023537257618391e-05,8.535980658794328e-05,-0.00012496898842948926,0.0002597273812599557,0.00010246845042925787,-9.82671695613862e-05,0.00031200199880434745
Neil,2020-12-26,well,8.382732117768612,4.855390774257137,14.644491783200994,-0.00029640696013160566,-0.0004950100256677088,-9.496066634217087e-05,-7.284631991708688e-05,-0.00032458486268034295,0.00017069836469584194,1.0398963174977615e-05,-0.00021850483990633202,0.00024611583156011654
Neil,2020-12-28,floor,7.425231748340733,4.151278532372539,13.380241760696299,-0.0002394760204233263,-0.00039573867092109404,4.377087472300836e-05,-7.370861840757381e-06,-0.0002878412076163746,0.00016441114778862763,6.581308521373535e-05,-0.00011226329625833802,0.00022449299622549673
Neil,2020-12-28,well,9.166076707100878,5.350258301678421,15.711384129241216,-0.000284562821096552,-0.00045324822302863187,-4.6150280260498786e-05,-0.0001490771199334789,-0.00035397372044691756,9.138593025579101e-05,-0.0001171615639804285,-0.0003545018212914466,9.09170246104753e-05
Neil,2020-12-30,floor,6.875949225302621,4.334714231212995,13.557211147625893,-0.00015449275241102806,-0.00030345876355512754,1.5344596422348457e-05,5.169133238299095e-05,-8.105327402809649e-05,0.0001753390919598163,6.629162691949655e-05,-5.784977765362291e-05,0.0001444466610998841
Neil,2020-12-30,well,7.637281583060721,4.170087538232972,14.379483589221959,-0.0002089281815659159,-0.0003872261323578425,1.9808689105784243e-05,-9.94613537511481e-05,-0.00031956939817812097,0.00012084454364665025,-2.6140250367925492e-05,-0.0002492524744073045,0.0001406738151877538
Omar,2020-12-12,floor,10.516845268948334,6.667583830240281,18.026429092388444,-0.00029009691071087097,-0.0005635704024047394,-1.964006009593712e-05,0.0001609096056567248,-6.658297984134526e-05,0.0003827109833566445,0.00011998168835688767,-8.754133424285412e-05,0.00034174067645580683
Omar,2020-12-12,well,10.413796231040044,7.021148776280953,16.808566506873355,-0.00039379883902951183,-0.0006270868536771977,-0.0001755390179642271,-3.40389962140268e-05,-0.00029578250662023976,0.00024208488990191566,1.2387965131757979e-05,-0.0002042516063215911,0.00021652268000619604
Omar,2020-12-14,floor,10.032555960998,5.796216929136597,19.51899986492331,-0.0002085434883966887,-0.0005006331717062213,1.0342663511803365e-05,6.571209844466271e-05,-0.00016534407656506114,0.00031118346290341073,7.920928051752705e-05,-0.0001635015980173592,0.00032359732763786314
Omar,2020-12-14,well,9.921660316858995,7.013092868944683,15.85944394799229,-0.0003275854833282927,-0.0005524639979505757,-0.00013140811203830402,9.473811076649633e-05,-0.00026368609182441885,0.00037929441191832943,4.024177297043089e-05,-0.00017798184781957408,0.00024354551352091482
Omar,2020-12-16,floor,,,,,,,,,,,,
Omar,2020-12-16,well,12.14216454469037,7.757710277840714,19.58125189663616,-0.00033014927259615237,-0.0005375610704767856,-5.007441733141278e-05,-1.4426885695370927e-05,-0.0002719144439911405,0.00025413947843405557,0.00011103009143410359,-0.00012775694850033527,0.0003045013190348118
Omar,2020-12-18,floor,10.304479635008239,6.669663497535099,17.957184830040095,-0.00033140981087936773,-0.0005825995278266853,-9.148113394792458e-05,9.613641717599281e-05,-0.00010607497954177553,0.00033542941438109903,6.51108242442782e-05,-0.00011538130451285779,0.0002633919230661773
Omar,2020-12-18,well,15.329618702272597,9.950419922324969,23.740747984786168,-0.0003322672843922352,-0.0006409203103631088,0.000237227029505571,-0.00020019408080553875,-0.00044003551073456285,5.154713222620084e-05,-0.0001593391962393486,-0.0005013217956676282,0.00011546097244663574
Omar,2020-12-19,floor,10.276326366818731,6.7447498872998395,17.42072834649215,-0.0002404102752137834,-0.0004765430547843096,-5.088769926709629e-06,0.00013603335891647678,-5.800256391823037e-05,0.0003536333412311526,3.809296391900231e-05,-0.0001305834966419242,0.00023722928614068205
Omar,2020-12-19,well,11.477975056239455,7.5832805770365255,17.540488564141796,-0.0003523901807664628,-0.0005746477995875212,-1.2537943314321379e-05,4.5507261932083844e-06,-0.0002459877859647173,0.00021872848176937974,1.6672665082314565e-05,-0.00017167412614513933,0.000288698775623478
Omar,2020-12-23,floor,9.88016281341845,5.440082595119542,18.350432903533797,-0.00032599764957674446,-0.0006155019858089161,-1.087457576915655e-05,0.00017861459314646037,-0.0001620481131117107,0.0005536050910355273,3.6284185439555625e-05,-0.00042401584705813823,0.00041656697951379315
Omar,2020-12-23,well,,,,,,,,,,,,
Omar,2020-12-24,floor,10.239460413548581,5.800397145300168,17.93854783444065,-0.00037705141001519133,-0.0007253590409884213,-4.416474746547908e-05,0.00016851275952109297,-0.00016431619399224546,0.0004816636125157335,-9.711975217654383e-05,-0.00042519816773329465,0.00019754416686198312
Omar,2020-12-24,well,9.77223654223001,6.168663503997444,17.767474871572222,-0.00035232103306450784,-0.0006438441064552986,1.0527904845427742e-06,0.00013111773074830482,-0.00029278930678339465,0.0004131771980340124,3.822727558247514e-05,-0.00028912540215388755,0.0003133517145841657
Omar,2020-12-26,floor,10.739125612614606,6.408548088207864,16.868187086402457,-0.00036467406521735555,-0.0005842091330138437,-6.269251436123414e-05,0.000175744627103989,-8.370753522252928e-05,0.0004413965448549207,0.00011667408350941354,-0.00010448421438214655,0.0003252943119089668
Omar,2020-12-26,well,10.256618592053691,6.4193540871549875,15.867250837739231,-0.00045430932417819624,-0.0006998163584756167,-0.00016635407482825057,0.00013368185240865895,-0.000283044088236445,0.00036304013481538663,5.938111912360072e-05,-0.00013340640122315824,0.0002914003573055232
Omar,2020-12-28,floor,11.312219050530905,6.204134980145483,19.648191119953683,-0.00030357272103523163,-0.0005741797081291409,7.869990439296511e-05,4.813221661651635e-05,-0.00026719005199090246,0.0003429285547961925,0.00013324123313741566,-0.00010361392746318374,0.0003941384101096326
Omar,2020-12-28,well,10.68531364062142,6.787358276918458,17.27848246426695,-0.00041113848251966335,-0.0006554724733529994,-5.928693073530786e-05,-2.008123412087155e-05,-0.0003786106527410867,0.00024492120940169856,0.00010142659103069426,-0.00010541085061004153,0.00031054620662516184
Omar,2020-12-30,floor,11.090042140292198,5.543329542442723,17.819057861272775,-0.0003393391386182932,-0.0005870226886976179,-7.604526809438787e-05,0.00010535899372311282,-0.00015325274838366644,0.00038988262637697473,0.0001304853489573155,-0.00010300342702237219,0.0003871731172240441
Omar,2020-12-30,well,10.751605239657776,6.654764475876991,16.74448143851756,-0.0004354174629715551,-0.0006333108931841034,-0.00021599234114133895,-8.652089794358055e-05,-0.0003280832288905798,0.0002293795686246851,4.095202264908507e-05,-0.00018795598625258322,0.0002786736461770975
Raul,2021-01-07,floor,20.463022756895462,10.706792354903893,41.412864943827444,-0.0004926132137961416,-0.0008886064823892096,0.00030083357940609203,-0.0005535733747271851,-0.0008901352098925437,-9.026839366364786e-05,-4.051222565633545e-06,-0.0003013956026085727,0.00024574511632177514
Raul,2021-01-07,well,16.940149989118012,9.984342433217794,31.392488423787302,-0.00039452137705936236,-0.0007148940268429012,0.00012717512474684907,-0.0004749278710346975,-0.0007718003202860077,-0.00023306944243361248,-6.822532564528319e-05,-0.0004378106304301448,0.00026513503034253946
Raul,2021-01-09,floor,20.882955986947167,9.609024438743779,46.503913838559725,-0.0004773635632464088,-0.0008693433898321522,0.00012469440159073328,-0.0006402374104290331,-0.0009627436275636448,-0.00011422540608579785,-3.3485408593933876e-05,-0.00038233678986160163,0.00022044926280582672
Raul,2021-01-09,well,15.145287657589067,8.629441311162424,24.876901862131913,-0.00046894228470554004,-0.0007040846668840317,3.235464069509721e-05,-0.0003926656536058149,-0.0005966759457362386,-0.00011577863377797403,-0.00012820488386441954,-0.0005104353362810331,9.069483520384681e-05
Raul,2021-01-11,floor,20.899866865775845,10.65271553634382,40.47021933256746,-0.0004953264996024409,-0.0008814743267082769,0.00028400515162932947,-0.00041602914823778896,-0.000810663718182807,-8.332106436538229e-06,-4.024878547748901e-05,-0.0002834402618768438,0.00013816221819687224
Raul,2021-01-11,well,16.165961443669392,8.924405345509834,30.079543019755516,-0.00036529607444453537,-0.0007062679346805816,0.0001850918229138182,-0.00042682342967694534,-0.0006634036309501529,-0.00022423910879808005,7.293022766522302e-06,-0.0002654090185584849,0.00023051391480774652
Raul,2021-01-12,floor,19.535943710286478,9.63611633653736,42.47101923075945,-0.0003716175209896007,-0.0008131491114642409,0.0003452438392083332,-0.000557341427612122,-0.0009011337620823802,-4.9824220353187644e-05,-1.0964833025874258e-06,-0.00020991217231136578,0.00022551489871167833
Raul,2021-01-12,well,16.99082882124089,10.282095906953176,27.513777288776517,-0.00043666974917082086,-0.0006898646146077586,0.0001147081749321339,-0.00042977989778124543,-0.0006642118684348552,-0.0001697789495678839,-0.00010793217965251117,-0.0005278556030525238,0.00015563951027729267
Raul,2021-01-14,floor,23.815515068399122,11.363637666770758,50.998956958973736,-0.0004714842646901887,-0.0008962305673468584,0.0002950325790972423,-0.0007364126353765737,-0.0010389996712116734,-0.00017171938807451707,1.512905510498861e-05,-0.0003091165375831496,0.00027214358070622706
Raul,2021-01-14,well,17.025293357179883,10.801124453912461,25.40744017509523,-0.0004609003198038574,-0.0006760284097436197,0.00016066555236829118,-0.0004140825317040937,-0.0005952686414832293,-0.00022352533302521905,-8.461983183049974e-05,-0.0004751500784558889,0.00015967806925134656
Raul,2021-01-16,floor,7.01702313685135,3.863123215610892,12.877120072802695,-0.0003049221601546491,-0.00045696928551122517,-0.0001256178023434701,-5.024144519726978e-05,-0.00048127838207604866,0.0001657995621236736,4.9239079120621134e-05,-0.00012939669427057112,0.00021096775358543724
Raul,2021-01-16,well,8.316758456468934,4.770903702682797,14.487850767232636,-0.00033133756344458853,-0.0005161115441252866,-8.820119824100856e-05,-0.00020496047019197343,-0.0004531895821465244,0.00011246631350667719,-5.560874873249925e-05,-0.00028539862537977744,0.00018129051271209733
Raul,2021-01-18,floor,8.257353105358835,3.4997277033250747,17.303695856139136,-0.0002614709317128852,-0.00045023059954254737,-4.474651696616708e-05,-0.00014393708304448138,-0.0005938936350018874,0.00020140444103784662,-0.00012289817944097806,-0.00026807144228996067,-4.213057695853111e-06
Raul,2021-01-18,well,10.876029132337809,5.754283584664826,19.775489061994154,-0.000232088978624962,-0.000446465284812797,0.00016683796990885465,-0.0004120788901447789,-0.000628129098761084,-5.88330449980562e-05,-0.00010164923396708066,-0.00030955172226335793,0.00011089508528483128
Raul,2021-01-20,floor,7.588534536688732,3.7647566731473443,17.331906760015247,-0.00032674083671714924,-0.0004902904570419256,-0.00016052876974890405,-8.547756009874537e-05,-0.0004640711241174491,0.00010046521175720893,9.080194695037274e-06,-0.00016824798608531941,0.00015653976438226574
Raul,2021-01-20,well,14.311323819329102,7.412273107152812,26.42916267190506,-0.00016995186455252305,-0.0004339755135935522,0.0002635042549468027,-0.00045140916382805063,-0.0006717360081876908,-0.00018577693670023064,-0.00013262557653519031,-0.00045550307508020806,9.678912104159012e-05
Raul,2021-01-22,floor,9.926805368088006,5.136919171212922,21.138809503992313,-0.0003102970817020924,-0.0004883756792925826,-3.6176925761165244e-05,-0.0002172229090870227,-0.0007303536857110589,9.024248523641052e-05,-0.00010665255787846262,-0.0003438068083887757,8.56187285762776e-05
Raul,2021-01-22,well,8.260727381299981,4.833262377602689,13.788557197904572,-0.00032045311374202215,-0.00046352980284047364,-2.1449968373723447e-05,-2.4004471631746958e-05,-0.00018530187360963433,0.00018366811053905196,-0.00015975128307164584,-0.00034912789426761023,0.00012115872111797223
Raul,2021-01-24,floor,7.969208409531197,4.39320933991539,17.258518338250543,-0.0002143675864017068,-0.0004167069308986689,-2.4385790048701957e-05,-0.0003505350814838142,-0.0006338033717976649,5.226025725717095e-05,-2.0546282152108592e-05,-0.00017277324542464443,0.00010763899286022485
Raul,2021-01-24,well,10.612996369940909,4.869328349043282,21.678357940448663,-0.00021283473549324364,-0.0004442290036193871,0.0002652995331901688,-0.00025891324286958636,-0.0005894505826771892,3.8501521659521084e-05,-5.2034482407219894e-05,-0.000247124619672668,0.00012570505201953166
Sean,2021-01-07,floor,16.78637476498488,9.379893866309189,32.92527932922559,-0.0005246713343200886,-0.0007606559455819899,-0.0001942588727368674,-0.0005040380822092629,-0.0007837477877274623,-3.4217853967366806e-05,6.619804500385885e-05,-0.00018962273777281487,0.00030705670644592454
Sean,2021-01-07,well,13.55984323063615,8.498994098328332,22.867881438009796,-0.0003547941785644976,-0.0006081245213044984,2.0764421666527988e-05,-0.0004427067953209988,-0.0006103610242485236,-0.00018867364874621318,-0.00016789108383749707,-0.0004972405112547278,0.0001157790996510224
Sean,2021-01-09,floor,16.689042640855387,9.340444939916454,34.24725445650179,-0.0005274645945460379,-0.0008013864276130558,-0.0001547709609575582,-0.0004959907323490893,-0.0007917696052937696,-7.948043548238484e-06,9.39948495680188e-05,-0.00012224513455490906,0.00032987776917677513
Sean,2021-01-09,well,12.964830562233566,8.328055954730067,19.697439964339196,-0.00042733917337995004,-0.000645795456208302,-0.00016353873814077354,-0.0003562874978531214,-0.000531868373586026,-1.3568216965422851e-05,-9.925178508448553e-05,-0.00039825434915062336,0.00019712693178721674
Sean,2021-01-11,floor,12.753959981740504,7.42152967342982,23.16745815024329,-0.00042779866618859914,-0.0006590265443953437,-0.00016578109450561326,-0.00018249524910630405,-0.0006290527256490237,0.00023261360879646566,5.7526610568432515e-05,-0.00011438232612313242,0.00029780401690508604
Sean,2021-01-11,well,12.662198443540063,7.967342781649178,20.582702528895698,-0.00041211184834058316,-0.000634737231850982,-0.0001298813911114548,-0.00030675488858479213,-0.0005225290178774675,2.1105731161568535e-05,-3.779421114647753e-05,-0.0003133845659133375,0.0002345165995790387
Sean,2021-01-12,floor,12.316165879983053,7.328350373783711,20.824737546799806,-0.0004452576108142192,-0.0006623309203938907,-0.0001848052505425348,-6.921629023812838e-05,-0.0005096279675897209,0.0002013901105601654,0.00010756754523631208,-6.0761955482760786e-05,0.00031541281371596337
Sean,2021-01-12,well,11.917428855706653,6.974434329467739,19.023450524462024,-0.000460993334133933,-0.0006557931693871525,-0.0001685489461605719,-0.00012111147975430186,-0.0003950741887933058,9.279134074695509e-05,9.585862924549656e-05,-0.00010234766769516584,0.0002738403442087245
Sean,2021-01-14,floor,17.93232398449912,10.26801833289026,33.533203723807134,-0.0004417302045603165,-0.0006908945597134851,1.6540337656955223e-05,-0.00048482676647232945,-0.0007614122593170437,2.6350505548791293e-05,0.00016604605053514908,-4.968012400850266e-05,0.0004070583787053009
Sean,2021-01-14,well,17.566823915957663,10.5910287257663,27.1274120500342,-0.00040648026204094355,-0.0006543494513654975,0.0002695098635128656,-0.00039546579614687223,-0.0006634175802979145,-7.676252857567046e-05,-1.2138808863118596e-05,-0.00043640868360255884,0.00021680573800565866
Sean,2021-01-16,floor,8.288650061590742,4.840470188230142,15.529590760716971,-0.00040583658681415236,-0.0006241083436032996,-0.0002208898532526092,-1.734674787824372e-06,-0.0003052639047810855,0.00024248532784555284,0.00021592903644946897,-2.9684206839679664e-05,0.00042805614654632874
Sean,2021-01-16,well,,,,,,,,,,,,
Sean,2021-01-18,floor,9.0160239890911,5.365185551841034,15.78270506323868,-0.0003810523988895747,-0.0006078012677330358,-0.0001829339080606899,1.1861742442056324e-08,-0.0003028306582139548,0.00033218854001743265,0.00013498779313260347,-8.772046337663147e-05,0.0003558303669568586
Sean,2021-01-18,well,8.577433495892008,5.450174751124727,14.302546199039044,-0.00036683121063258307,-0.0005651663293069559,-0.00019677062543314446,-0.0001350510644871594,-0.000502290491240128,0.00017888780200666371,-3.716145500728802e-06,-0.00024230125387269226,0.00018242032220904022
Sean,2021-01-20,floor,9.381897504452187,5.15262473965212,17.693273198629846,-0.00040237776547722597,-0.0006132848445181142,-0.00020151165540341213,-0.0001060346541041593,-0.0005159344084919033,0.00012363610855203652,2.6163603318723763e-05,-0.0002432199774916348,0.0002153388380371314
Sean,2021-01-20,well,11.74118854042738,7.074202113980258,18.677972355688098,-0.0002442681217082574,-0.0004812902370088273,0.00022722849012533433,-0.0004304316425094621,-0.0005973612045026407,-6.556780404852987e-05,-0.0001777030280045696,-0.0004378765867065158,0.00012629163129814904
Sean,2021-01-22,floor,10.553561749224025,5.528708097683047,22.268566117150876,-0.000217665969672424,-0.0004738640371681413,0.00013548475305847762,-2.2334995944346457e-05,-0.0005212454406498311,0.00036479967895261604,-1.096434636704273e-05,-0.00023352193182810092,0.0002696065686211168
Sean,2021-01-22,well,10.452815714307107,6.004543674143813,18.986759875732353,-0.0002161178196607039,-0.00047232978709443765,0.0002665742146316934,-0.0001486526522673675,-0.00047800537366574406,0.00016149312821144815,-0.00011147107517886775,-0.0004622187471641551,0.00016892084298038653
Sean,2021-01-24,floor,9.835656114482909,5.243677845508608,19.9282652045695,-0.000315791675182303,-0.00047549445999349997,-0.00013489038870650487,-0.0001502773058920641,-0.0005592618578230099,0.00017629412428799192,-2.7848451120721306e-05,-0.0002420995906467479,0.00020960345262624008
Sean,2021-01-24,well,10.940391561711184,6.594378670130564,18.233280595397524,-0.0002913496979356934,-0.0004760870498302902,-1.4174328315353857e-05,-0.00033977482975188996,-0.0005674119116040624,-4.018816095462859e-05,-0.00010382696618106917,-0.00043740015004162507,0.00011625131650438948
